x1;x2;x3;x4;x5;x6;x7;x8;x9;x10;x11;y
31.4;21.8;26.61;80.64;59;95;480;2.6;8;1.95;4483.65;4764.2
32.7;20.7;25.69;84.36;58;95;302;13.2;14.5;1.66;4764.2;4500.41
32.8;20.8;25.75;84.28;58;95;324;11;8;1.25;4500.41;4403.66
33.4;21.2;26.19;83.44;56;94;323;10.6;11.3;1.6;4403.66;4296.6
32.3;21.4;26.12;83.42;55;95;327;7.6;8;1.47;4296.6;4297.57
32.3;21.5;25.5;85.56;60;94;282;108.4;9.7;1.57;4297.57;4173.97
31.4;22.6;25.38;85.9;60;94;225;77;8;2.21;4173.97;4019.8
32.4;21.3;26.16;82.23;52;94;373;0;8;1.59;4019.8;4574.64
32.1;20.8;25.76;82.65;55;94;318;2.6;6.4;1.46;4574.64;4403.77
30.5;21.7;24.87;87.05;65;95;253;48.4;8;1.83;4403.77;4393.37
31.7;20.4;24.74;86.15;64;95;217;66.4;8;1.75;4393.37;4270.4
31.6;20.8;25.41;84.21;57;94;257;49.4;8;1.61;4270.4;4000.5
31.2;20.3;23.88;86.71;57;94;204;70.6;6.4;1.85;4000.5;3547.29
31.2;20.8;23.86;88.31;63;95;168;340;8;2.14;3547.29;3843.07
30.8;20.7;24.01;88.03;60;95;181;181.4;8;1.99;3843.07;3662.75
31.5;19.7;23.92;87.61;60;94;209;153.8;4.8;1.56;3662.75;4492.08
30.3;19.7;23.87;86.19;61;94;225;88;11.3;1.64;4492.08;4261.23
30.4;21.1;23.95;85.99;58;94;235;67.6;11.3;1.63;4261.23;4318.15
30.7;19.4;23.63;84.83;51;94;245;11.6;9.7;1.79;4318.15;4925.38
31.1;18.7;23.9;83.04;48;94;310;16.8;9.7;1.96;4925.38;4119.78
31;17.9;24.19;81.13;52;94;355;1.4;9.7;1.83;4119.78;3974.4
31.2;18.4;24.42;80.98;49;94;323;13.8;9.7;2.05;3974.4;3687.67
30.7;17.9;23.95;84.61;49;94;260;42.6;11.3;1.52;3687.67;3454.5
30.6;18.9;24.25;82.83;55;94;328;49.4;9.7;2.11;3454.5;3103.62
32;19.8;24.37;83.33;53;94;297;66;12.9;1.95;3103.62;3047.91
30.7;21;24.16;86.32;55;94;220;63.8;12.9;2.08;3047.91;3495.2
29.8;19.4;23.69;86.57;61;94;204;200;11.3;1.59;3495.2;3937.5
30.3;19.6;24.65;84.91;58;94;265;62.6;12.9;1.88;3937.5;4891.41
31.5;19.1;24.89;78.76;48;94;410;2.8;9.7;2.43;4891.41;4634.19
30.4;19.9;25.04;81.09;55;94;308;13.4;9.7;2.19;4634.19;4732.15
32.1;20.8;26.27;82.07;57;94;335;6.2;12.9;2.69;4732.15;4562.9
32.2;20.6;24.93;82.7;54;94;288;29.4;9.7;2.63;4562.9;4248.6
31.8;20.1;24.9;84.17;57;94;307;97;9.7;1.71;4248.6;3268.72
31.7;20.9;25.71;84.27;58;94;333;52.6;12.9;1.83;3268.72;3199.82
29.8;22.4;24.49;89.6;60;94;158;263;8;1.19;3199.82;4584.36
31.4;22.3;24.95;89.95;63;94;179;338.8;9.7;1.41;4584.36;5669.07
30.2;22.1;25.04;86.96;67;94;240;98.4;9.7;1.39;5669.07;5665.92
31.6;20.9;25.23;86.6;63;94;267;67.8;8;1.17;5665.92;5230.24
31.4;21.8;25.2;86.5;62;95;244;58.4;8;1.35;5230.24;4601.87
32.1;20.9;25.85;84.48;62;94;339;16.6;9.7;1.36;4601.87;4270.28
32.6;21.1;25.47;85.46;59;94;287;58;11.3;1.69;4270.28;4342.59
31.9;20.7;25.33;86.88;58;100;227;61.8;14.5;0.8;4342.59;4275.12
31.9;21.6;25.18;86.44;55;94;248;99.8;8;1.41;4275.12;5104.25
30.9;20.6;25.15;85.49;60;94;255;61.4;12.9;1.45;5104.25;4576
31.7;21.6;24.69;86.63;61;94;250;107.6;6.4;1.68;4576;5243.31
31.9;21.4;25.73;84.27;62;94;325;42.6;8;1.51;5243.31;5305.87
32.2;21;25.86;83.06;59;95;309;1.4;11.3;1.5;5305.87;5310.138078
32.2;22.2;25.5;86.69;56;95;224;48.4;8;1.22;5310.138078;5314.32
32.3;21.4;26.02;84.68;60;95;331;34.4;16.1;1.72;5314.32;5559.65
32.4;19.8;25.35;86.25;58;95;279;65;11.3;1.33;5559.65;5611.68
32.2;20.7;25.15;86.33;55;96;292;36.6;8;1.17;5611.68;4740
31.8;20.3;25.48;84.07;60;96;339;43.2;12.9;1.5;4740;4934.88
33.4;21.4;25.48;84.62;56;96;335;51.4;9.7;1.37;4934.88;5312.91
33.2;20.8;25.92;82.65;57;96;383;10;11.3;1.58;5312.91;5010.32
32.6;21;26.08;82.15;55;96;378;0.4;9.7;1.67;5010.32;4738.56
32.2;21.2;25.46;85.93;58;96;298;29.6;8;1.3;4738.56;4956.66
32.3;21.5;25.94;84.92;58;96;330;13.2;4.8;1.23;4956.66;4884
32.8;21.4;26.42;84.57;59;97;327;2.6;9.7;1.64;4884;4740.12
32.7;20.8;25.54;85.82;55;97;321;43.6;9.7;1.25;4740.12;4783.45
32.4;20.6;25.33;85.25;55;97;297;40.4;6.4;1.05;4783.45;5005.56
31.8;22.1;25.28;88.81;64;97;240;82.4;6.4;1.3;5005.56;4628.14
31.4;18;23.72;87.89;53;97;216;186;9.7;2.55;4628.14;4934.4
30.3;20.6;23.88;88.96;59;97;199;66;9.7;1.59;4934.4;4336.8
31.3;20.5;24.89;91.26;65;98;203;94.4;6.4;0.9;4336.8;4700.2
31.4;17.1;24.13;86.03;54;99;295;8.8;9.7;1.51;4700.2;4281.8
30.8;18.2;24.07;90.99;57;99;199;90;8;1.21;4281.8;4874.58
30.9;18.9;23.6;91.26;56;99;218;157.6;6.4;1.35;4874.58;4369.68
30.6;17.7;23.57;92;61;99;221;288.8;9.7;1.65;4369.68;5468.48
29.7;19.4;23.68;92.32;63;99;198;246.8;2.22;0.46;5468.48;4756.32
31.3;20.1;23.92;94.71;65;100;187;323.2;2.22;0.37;4756.32;4609.18
27.6;19.8;21.38;95.86;73;100;104;223.6;2.22;0.76;4609.18;4108.44
29.7;18;23.12;90.68;60;100;238;71.8;1.78;0.42;4108.44;3320.46
30.3;17.8;23.11;88.91;53;100;265;26.8;3.14;0.45;3320.46;4351.05
28.9;16.3;22.89;90.84;56;100;230;93.2;2.69;0.39;4351.05;3841.92
29;18.6;23.58;92.23;66;100;199;125;2.69;0.4;3841.92;4113.72
30.6;18.6;24.22;88.26;59;100;300;16.6;3.14;0.57;4113.72;3824.91
30.9;19.6;25.65;87.86;63;100;347;3.6;2.69;0.55;3824.91;3708.8
31.9;19.4;25.76;84.73;52;100;363;21.8;2.69;0.62;3708.8;3601.8
31.6;20;26.01;85.25;56;100;384;0.4;2.69;0.67;3601.8;4226.218957
31.6;21.6;25.98;88.43;62;100;293;16.2;2.69;0.58;4226.218957;4850.7
31;19.8;25.41;88.19;57;100;329;10.2;3.14;0.59;4850.7;4513.41
32.5;20.8;25.99;87.9;55;100;273;43.32;3.14;0.29;4513.41;4643.24
32.8;21.7;26.12;90.42;59;100;296;141.7;2.22;0.46;4643.24;4802.48
31.9;20.9;24.96;91.73;62;100;263;278.63;2.22;0.47;4802.48;4807.32
32.8;21.1;26.27;86.34;47;100;396;2.78;2.69;0.54;4807.32;4944.06
32.3;20.4;25.73;88.21;60;100;335;31.23;2.69;0.43;4944.06;4694.41
31.8;22.7;26.15;91.57;67;100;264;39.31;2.22;0.41;4694.41;4475.52
32.5;22.1;26.11;91.39;63;100;304;115.16;2.69;0.46;4475.52;4088.16
32.9;21.7;27.02;87.66;59;100;379;10;3.58;0.55;4088.16;4391.12
32.8;22.6;26.28;90.89;60;100;325;37.6;2.69;0.35;4391.12;5682.95
32.3;22.4;26.43;90.82;64;100;298;98.03;2.69;0.44;5682.95;5009.68
33.8;23.1;27.43;87.88;60;100;381;6.34;2.22;0.42;5009.68;5759.28
33;22.4;26.67;88.37;61;100;335;1.41;2.69;0.41;5759.28;6118.75
32.5;21.7;25.59;91.65;63;100;239;92.4;2.22;0.38;6118.75;4569.15
33.2;20.6;27.06;86.11;60;100;424;1.8;2.22;0.52;4569.15;4708.44
33.4;21.8;25.71;90.42;59;100;279;37.4;1.78;0.32;4708.44;4353.7
32.1;21.4;25.73;90.67;63;100;274;49.2;2.22;0.33;4353.7;5202.9
32.8;22.9;25.9;93.86;64;100;250;99.2;3.1;0.43;5202.9;4856.85
31.6;22.1;24.98;95.29;67;100;178;52.4;2.7;0.22;4856.85;5157.49
32.1;21.2;25.23;93.82;67;100;245;126;9.7;0.58;5157.49;5570.91
31.8;20.9;25.61;91.66;63;100;291;46.2;11.3;1.2;5570.91;4691.7
32.7;21.2;26.13;89.06;60;100;350;13.2;12.9;1.51;4691.7;5554.64
33.5;21;26.16;88.49;57;100;361;36.6;11.3;1.78;5554.64;4957.85
32.4;20.2;25.74;91.19;61;100;296;69.4;11.3;1.44;4957.85;4179.06
32.2;21.1;25.42;92.93;68;100;247;48.2;16.1;1.35;4179.06;4372.21
32.1;22.4;26.09;90.26;65;100;355;48.6;17.7;2.17;4372.21;4377.372947
32.5;21.6;25.97;89.53;61;100;329;64.2;11.3;1.6;4377.372947;4382.52
33.7;21.8;26.26;88.85;53;100;345;11.8;11.3;2.03;4382.52;5059.2
32.2;21.3;25.29;92.29;64;100;290;87.4;11.3;1.72;5059.2;5066.84
33.9;21.5;25.48;92.23;54;100;313;215.8;12.9;1.56;5066.84;4758.44
31.4;20.8;24.63;89.86;56;100;253;132.4;9.7;2.43;4758.44;4787.64
30.6;22.3;24.87;94.47;65;100;177;40.2;8;1.31;4787.64;5721.45
30.1;20.9;23.98;97.45;70;100;142;163.8;9.7;1.12;5721.45;4837.06
31.3;20.7;24.96;92.63;64;100;255;98;11.3;2.01;4837.06;3633.18
31.3;19.7;23.88;91.1;59;100;240;89.8;9.7;1.76;3633.18;4948.96
31.7;19.7;24.88;87.98;60;100;361;0.4;11.3;1.44;4948.96;4657.62
31.1;19.7;24.88;88.77;56;100;256;23.6;12.9;1.6;4657.62;4864.74
31.6;18.9;24.44;92.18;56;100;256;94;12.9;1.8;4864.74;3419.36
30.7;18.4;23.81;89.71;60;100;305;7.4;9.7;1.33;3419.36;3604.760963
30.7;18.9;24.58;91.49;61;100;288;6.8;12.9;1.96;3604.760963;3789.8
30.4;19;23.45;92.27;61;100;212;126.8;12.9;1.95;3789.8;4465.05
30.1;19.7;24.12;91.69;62;100;281;67.4;11.3;1.44;4465.05;4794.01
30.1;18.5;23.46;93.13;60;100;235;317;16.1;1.95;4794.01;4892.12
30.9;20.8;24.89;93.01;64;100;224;127.4;12.9;1.62;4892.12;5172.96
30.8;20.6;24.83;92.03;62;100;273;66;14.5;1.8;5172.96;5545.53
31.8;17.9;24.32;87.69;45;100;376;20;12.9;1.77;5545.53;5625.52
30.4;19;23.47;93.31;61;100;231;114.4;9.7;1.61;5625.52;5348.21
30.3;18.3;23.81;89.65;56;100;339;36.8;14.5;2.18;5348.21;4839.36
30.6;17.2;24.37;89.65;54;100;321;28.4;11.3;1.77;4839.36;4954.79
30.2;20;24.12;90.56;58;100;288;45.4;16.1;2.23;4954.79;4918.36
30.1;19.2;24.33;89.85;62;100;328;32.6;14.5;1.92;4918.36;4284.14
30.6;19.1;24.2;91.72;59;100;299;37.6;14.5;1.76;4284.14;5046.72
30.8;20.3;24.24;93.86;58;100;237;205;9.7;1.42;5046.72;5263.94
30.6;19.9;24.74;88.27;58;100;372;5.6;12.9;2.19;5263.94;5185.98
31.2;20.4;24.73;90.36;62;100;296;60.2;11.3;1.72;5185.98;5108.02
31.8;19.4;26.03;88.9;62;100;372;8;12.9;2.04;5108.02;5215.55
31.4;21.3;25.35;93.1;67;100;267;111;14.5;1.45;5215.55;5258.94
31.4;20.1;25.28;88.15;60;100;366;2.2;16.1;2.13;5258.94;4981.17
32.5;21.6;26.22;90.37;60;100;353;4;11.3;1.67;4981.17;4471.26
33.4;22.4;26.16;90.37;58;100;269;38;12.9;1.55;4471.26;4608.29
32.6;20.7;25.42;94.01;64;100;235;71.2;11.3;1.17;4608.29;4779.46
31.9;21.6;25.52;92.3;63;100;290;32.6;11.3;1.43;4779.46;4679.81
32.4;21.9;26.16;90.35;63;100;305;3.8;12.9;1.99;4679.81;5572.99
32.4;21.2;26.13;89.3;61;100;324;2;11.3;1.41;5572.99;5224.88
33;21.2;26.2;90.11;61;100;308;6.8;12.9;1.4;5224.88;5292.85
32.1;22.1;26.12;94.26;66;100;244;204;12.9;1.65;5292.85;5257.95
32.2;21.8;26.26;92.37;67;100;284;56;11.3;1.21;5257.95;5312.01
32.1;23;25.88;93.76;63;100;248;69.4;14.5;0.9;5312.01;5356.17
31.9;21.9;25.63;93.35;66;100;269;61.6;8;0.87;5356.17;6632.38
32.2;20.8;25.37;90.46;64;100;342;89.8;12.9;1.04;6632.38;5944.89
32.7;21.8;26.55;89.38;63;100;381;16.6;11.3;1.34;5944.89;5828.09
32;22.2;25.9;92.31;60;100;303;25.4;8;0.68;5828.09;5098.62
32.3;21.7;25.47;94.57;65;100;220;105.6;12.9;0.66;5098.62;5407.82
32.6;21.9;25.65;93.73;65;100;263;85.2;9.7;0.75;5407.82;6023.66
32.2;20.7;26.06;90.01;64;100;352;24.4;11.3;0.6;6023.66;5716.22
33.3;21.2;25.77;91.1;58;100;294;16.6;9.7;0.59;5716.22;5154.48
32.7;21.2;25.8;90.1;61;100;347;1.2;12.9;0.64;5154.48;5802.22
33;21.4;25.83;90.85;60;100;355;29.6;14.5;0.99;5802.22;6468.06
32.5;21.8;26.32;90.53;63;100;330;23.8;12.9;0.85;6468.06;5216.15
33.6;20.9;25.94;91.13;60;100;326;9.8;9.7;0.66;5216.15;5930.48
33;22.2;26.26;91.18;63;100;298;5.8;19.3;0.68;5930.48;5635.93
32.7;22.4;26.24;90.85;63;100;326;23.4;12.9;1.3;5635.93;5070.77
32.8;20.6;26.07;90.32;58;100;350;13;9.7;0.72;5070.77;5038.17
32.8;21.5;25.31;91.74;60;100;266;1.6;16.1;0.91;5038.17;5726.04
31.9;21.2;25.61;91.8;60;100;299;27.6;8;0.59;5726.04;5608.23
30.9;20.7;24.91;92.85;65;100;260;17.6;9.7;0.61;5608.23;5045.14
29.6;20;23.73;83.91;57;100;210;13.8;9.7;1.3;5045.14;5005.99
31.6;22;24.87;96.36;72;100;188;99.2;6.4;0.39;5005.99;5095.78
30.9;20;24.38;94.36;66;100;245;63.8;12.9;0.84;5095.78;5116.98
31.3;22.6;25.43;93.55;64;100;272;94;8;0.6;5116.98;5082.93
31.6;20.4;25.08;90.4;63;100;309;18.4;9.7;0.79;5082.93;5440.7
30;20.9;24.91;95.9;73;100;150;125.2;6.4;0.31;5440.7;5104.66
30.8;21.1;24.55;96.08;65;100;156;81;9.7;0.66;5104.66;5221.2
30.2;20.4;24.42;89.84;57;100;313;7.6;12.9;1.76;5221.2;5064.3
30.1;19.8;23.93;93.59;57;100;244;72.2;11.3;1.12;5064.3;5488.37
30.2;18.9;24.05;91.85;63;100;247;22.6;12.9;1.27;5488.37;5449.71
29.9;20.2;24.21;92.55;62;100;245;21.8;14.5;1.52;5449.71;5269.47
29.7;18.2;23.9;88.35;56;100;212;0.6;14.5;1.76;5269.47;5034.41
31.1;18.9;24.98;87.55;54;100;366;1;11.3;1.68;5034.41;4886.2
30.4;18.6;23.63;90.68;56;100;342;48;14.5;1.69;4886.2;5058.32
31.7;19.8;25.67;90.67;60;100;316;19.6;12.9;1.67;5058.32;4832.3
31.3;19.4;24.67;88.35;47;100;350;18.2;12.9;1.76;4832.3;4488.54
31.4;19.1;25.1;89.47;58;100;378;78.2;14.5;1.73;4488.54;4351.83
31.5;19.6;24.85;88.56;55;100;390;14.2;12.9;1.4;4351.83;4492.21
31.6;19.8;25.26;88.45;59;100;399;19;12.9;1.52;4492.21;4976.98
31.2;21.3;25.28;93.06;63;100;228;30;14.5;1.9;4976.98;4677.3
32.8;21.8;26.02;92.95;64;100;168;36.8;12.9;1.24;4677.3;5486.14
32.7;20;26.26;85.99;50;100;324;0.2;11.3;1.46;5486.14;5166.52
32.7;20.4;25.86;88.1;53;100;393;10;12.9;2.04;5166.52;5275.26
32.6;21.2;25.83;91.16;61;100;360;68.8;12.9;1.43;5275.26;6243.95
32.9;22.1;26.14;92.03;63;100;316;10.2;9.7;0.94;6243.95;5501.93
33.2;23.1;27.04;90.68;65;100;361;1;8;1.17;5501.93;5499.93
33.1;22;25.86;91.93;61;100;318;65.6;6.4;0.74;5499.93;5865.33
32.7;22.3;26.46;90.84;63;100;344;58.2;9.7;1.02;5865.33;5783.5
32.6;21.1;26.13;90.04;59;100;324;8;9.7;0.85;5783.5;5660.04
33.3;21.8;26.58;90.01;61;100;255;5.6;9.7;0.34;5660.04;6012.92
32.7;21.1;25.87;92.82;62;100;283;19.2;14.5;0.64;6012.92;5836.5
32.2;23.1;25.93;94.14;67;100;264;81;14.5;0.67;5836.5;5469.73
32.3;23.4;26.42;93.92;66;100;286;173.6;12.9;0.99;5469.73;5437.48
30;21.7;24.91;94.89;74;100;222;37;20.9;0.79;5437.48;5955.4
31.9;21.6;25.69;92.06;62;100;329;56.4;11.3;1.02;5955.4;6070.26
33.1;19.7;25.36;91.98;62;100;314;30.8;11.3;0.86;6070.26;6630.09
32.6;21.5;26.01;91.4;64;100;322;10.8;11.3;1.01;6630.09;6369.63
32.6;22.2;26.46;88.76;61;100;363;0.6;12.9;1.38;6369.63;5599.18
32.9;20.6;26.15;89.08;59;100;349;7.2;11.3;1.4;5599.18;5710.03
33.9;21.3;26.07;89.79;57;100;340;59;9.7;1.03;5710.03;5371.78
32.6;21.6;26.16;89.52;63;100;367;24.6;11.3;1.03;5371.78;5438.94
33.2;21.7;26.13;88.93;59;100;351;3.6;12.9;1.32;5438.94;5556.73
32.8;21.6;25.37;92.88;63;100;278;31.8;11.3;1.06;5556.73;4894.52
32.3;22.2;26;91.17;64;100;334;6.4;11.3;1.07;4894.52;5375.15
32.4;18.9;26.14;89.33;60;100;373;8.8;9.7;1.21;5375.15;5701.9
31.9;21.4;25.6;92.7;64;100;293;107;9.7;0.99;5701.9;5297.86
32.06034903;20.51551468;25.15924823;98.33;93;100;0;0;0;0;5297.86;4781.95
32.1;22.1;25.34;94.13;64;100;147;32.15;6.4;0.5;4781.95;5587.98
32.07;19.71;25.33;81.36;53.08;95.16;160;8.5;4.45;1.33;5587.98;5521.47
32.99;21.37;26.03;78.17;52.54;93.7;164;34.8;4.89;1.43;5521.47;5436.04
31.1;18.7;23.51;87.94;55.63;95.94;74;502;4.39;1.51;5436.04;4558.49
32.09;20.12;24.58;85.13;54.78;94.61;135;109.1;5.58;1.08;4558.49;4828.63
31.72;21.18;25.36;84.66;58.03;94.74;139;37.4;0.08;0;4828.63;5171.54
31.54;20.08;24.89;83.35;52.93;94.64;146;96;0.47;0.01;5171.54;5291.68
30.33;19.37;24.43;83.23;53.78;95.05;143;63.3;0.14;0;5291.68;5247.73
30.2;18.8;24.02;94.33;61;100;248;106;12.9;0.79;5247.73;4828.3
30.6;20.9;24.69;93.5;61;100;285;53.8;12.9;1.09;4828.3;5037.06
30.47;20.32;23.1;97.96;57.36;100;84;208.3;6.4;0.72;5037.06;5304.38
30.17;20.26;23.87;85.08;57.3;94.66;118;90.2;0;0;5304.38;5051.84
30.82;19.69;24.53;81.99;52.38;94.93;165;53;0;0;5051.84;5054.15
30.61;19.03;24.42;79.81;49.28;94.27;162;7.3;0;0;5054.15;4596.63
31.06;19.84;24.51;81.05;52.19;94.56;155;27.6;0;0;4596.63;5122.26
31.08;18.47;24.15;76.57;41.23;94.03;195;22.9;0;0;5122.26;4948.05
30.6;17.3;23.44;87.68;56;100;219;0.4;12.9;1.6;4948.05;4813.47
29.4;19.8;24.04;93.51;63;100;135;29.6;9.7;1.49;4813.47;4721.53
29.8;18.6;24.39;91.19;63;100;147;25.8;8;1.34;4721.53;4546.36
30.8;17.6;24.05;88.6;50;100;198;1.6;11.3;1.64;4546.36;4700.99
30.8;18.9;24.66;87.65;53;100;207;15.2;8;1.7;4700.99;4858.04
30.6;18.2;24.2;87.18;59;100;199;1.8;8;1.75;4858.04;4916.28
30.8;19.5;24.27;92.06;58;100;160;47.2;11.3;1.59;4916.28;5020.49
30.3;18.7;24.23;90.72;63;100;175;6.4;9.7;1.48;5020.49;4568
31.1;18.4;24.93;87.15;59;100;233;1.6;8;1.68;4568;4733.85
31.6;20.7;25.29;90.14;65;100;172;3.2;9.7;1.73;4733.85;4939.42
31.2;19.8;24.69;93.39;56;100;137;180.2;6.4;0.86;4939.42;5130.46
30.4;20.5;25.3;92.97;67;100;205;61.4;8;1.15;5130.46;4883.32
30.6;20.1;24.64;92.21;65;100;279;4;6.4;0.87;4883.32;5223.13
31.2;20.5;25.77;86.31;64;100;462;0.2;8;1.69;5223.13;5649.86
32;21.9;26.31;90.93;69;100;298;3.8;11.3;1.56;5649.86;5734.91
31.9;21.6;25.89;91.26;63;100;311;31;6.4;0.99;5734.91;5621.07
32.1;21.1;25.03;93.87;62;100;247;41;6.4;0.76;5621.07;5817.29
31.7;21.7;26.15;91.43;67;100;274;43.8;9.7;1.27;5817.29;5745.05
31.4;21.9;25.82;93.28;67;100;171;111.8;8;1.19;5745.05;5865.25
32.2;22.8;26.33;91.06;62;100;190;6;8;0.98;5865.25;5994
30.9;21.8;24.8;97.18;71;100;81;29.4;4.8;0.41;5994;5879.93
31.1;22.3;25.56;94.25;70;100;273;57;6.4;1;5879.93;6022.96
31.2;21.6;25.46;91.93;62;100;313;37.6;8;1.32;6022.96;6022.12
30.3;22.4;25.35;93.61;72;100;281;42.8;6.4;1.18;6022.12;5989.3
31.6;21.6;25.18;94.71;71;100;253;174.8;9.7;1.14;5989.3;5983.31
31.6;21.6;25.29;93.37;65;100;297;84.4;8;1.23;5983.31;5576.25
31.4;22.2;25;96.25;70;100;195;188.4;4.8;0.58;5576.25;5782.47
32.2;21.6;25.96;90.72;61;100;394;67.2;8;1.34;5782.47;5348.69
31.4;21.8;25.41;93.63;68;100;291;61.6;8;0.89;5348.69;5440.26
32.3;21.5;25.86;91.15;64;100;355;15.4;9.7;1.2;5440.26;5670.47
33.3;21.9;26.18;91.83;58;100;341;78;8;1.44;5670.47;5485.92
33.3;22.1;26.85;88.78;58;100;392;0;8;1.34;5485.92;5652.18
30.78297788;21.74598276;25.18935378;89.94190927;58.19552823;99.41598539;374.1750147;7.710499132;7.310134377;1.325988103;5652.18;5160.87
30.76965986;21.66602475;25.18996818;90.75644819;59.58187548;99.42688578;356.4273363;14.40748144;6.87078384;1.325717;5160.87;5044.3
30.75634184;21.58606674;25.19058257;91.57098711;60.96822273;99.43778617;338.6796579;21.10446375;6.431433303;1.325445897;5044.3;5106.19
31.9;22.3;26.15;91.18;63;100;321;31.6;6.4;1.34;5106.19;5329.54
32.4;22.2;25.76;93.85;63;100;265;31.6;4.8;1.04;5329.54;5040.77
32.1;22.7;26.49;92.13;67;100;303;7.6;6.4;1.16;5040.77;5022.63
31.6;22;25.24;94.38;70;100;225;60.4;4.8;1.25;5022.63;5478.15
31.7;21.8;25.56;90.6;59;100;280;24.2;8;1.96;5478.15;4666.97
31.4;21.1;24.78;94.25;59;100;236;64.2;6.4;1.42;4666.97;4708.13
28.3;19.8;23.02;95.91;71;100;110;308.4;8;2.99;4708.13;4305.23
29.7;21.3;23.95;98.59;75;100;136;214.4;6.4;1.89;4305.23;4107.2
30.6;20.9;23.97;96.75;68;100;147;184.8;6.4;1.09;4107.2;4518.59
30.2;20.9;24.65;95.25;69;100;207;74.6;8;1.63;4518.59;4334.14
30.3;20.2;24.36;91.21;57;100;293;16.6;9.7;1.5;4334.14;5715.65
30.3;20.2;24.49;91.68;60;100;282;80.2;8;1.79;5715.65;5639.02
29.6;19.3;24.17;90.99;59;100;190;10;8;1.39;5639.02;5562.39
29.6;20.6;24.83;93.88;63;100;262;145.6;8;1.14;5562.39;5581.37
29.6;19.9;24.18;92.46;65;100;228;10.8;8;0.87;5581.37;5041.05
29.7;20.1;23.15;95.9;65;100;186;67.6;8;1.58;5041.05;4652.85
30.1;20.9;24.33;93.81;63;100;264;110.8;6.4;1.24;4652.85;4326.58
28.4;19.4;22.86;97.03;64;100;129;456;9.7;1.57;4326.58;4378.96
29.8;18.8;24.01;93.12;61;100;280;48.4;11.3;1.29;4378.96;4383.24
29.9;18.9;24.14;89.5;46;100;317;66.8;11.3;1.38;4383.24;4943.15
29.6;20.3;24.18;92.8;62;100;275;35;6.4;1.05;4943.15;4342.76
28.1;21.1;23.19;97.65;70;100;161;232.6;11.3;1.51;4342.76;4574.53
29.4;19.4;24.09;89.6;62;100;309;15.2;9.7;1.77;4574.53;4299.36
29.9;19.9;24.49;88.53;62;100;320;13;8;1.43;4299.36;4524.46
30.6;19.9;24.98;88.26;58;100;387;1.6;9.7;2.01;4524.46;4775.19
30.5;21.6;25.75;88.65;64;100;361;0.6;11.3;2.51;4775.19;4214.26
31.1;18.2;25.12;85.2;53;100;331;0.2;9.7;1.73;4214.26;4349.26
30.8;21.3;25.78;88.7;57;100;333;40.4;9.7;1.97;4349.26;3962.57
31.5;22.2;25.51;90.84;51;100;293;42.8;9.7;1.38;3962.57;4952.07
30;22.3;25.46;92.97;68;100;243;59.8;11.3;1.18;4952.07;3893.84
30.7;22.6;26.02;91.94;69;100;313;23.6;9.7;1.57;3893.84;4357.88
30.4;22.2;25.44;95.09;72;100;144;207;8;1.29;4357.88;3977.5
31.6;22.2;26.14;91.88;66;100;280;13.4;6.4;1.25;3977.5;4938.53
32.1;22.9;26.86;90.76;67;100;358;33.2;11.3;1.85;4938.53;5986.94
31.2;22.6;25.93;94.5;69;100;226;37;6.4;1.2;5986.94;5785.32
33.8;23.1;26.27;94.01;66;100;255;97.6;9.7;1.47;5785.32;5524.56
31.3;23;26.31;91.71;67;100;311;16.2;6.4;1.48;5524.56;6209.22
32.6;22.1;26.56;91.11;65;100;334;26.6;8;1.49;6209.22;6035.82
33.1;23.2;26.24;91.61;63;100;290;23.2;8;1.65;6035.82;5956.87
31.1;22.6;25.57;93.86;71;100;175;35;6.4;1.36;5956.87;6064.81
30.7;21.5;25.58;95.77;67;100;204;139.4;11.3;1.36;6064.81;5845.22
31.6;21.7;25.94;93.43;65;100;270;101.6;4.8;1.34;5845.22;5807.26
31.6;23.4;26.71;92.81;65;100;301;72.8;9.7;1.71;5807.26;5446.65
30.9;23.1;25.98;96.58;71;100;186;231.6;6.4;1.19;5446.65;5828.91
31.9;22.7;26.18;93.88;68;100;276;102.4;8;1.42;5828.91;5352.46
31.8;23.6;26.68;90.52;66;100;371;28;8;1.71;5352.46;6147.75
31.9;23.5;26.29;93.66;65;100;247;31.6;6.4;1.35;6147.75;5287.57
31.7;22.8;26.94;89.88;63;100;327;5.6;8;1.9;5287.57;5026.92
32.6;23.8;26.99;90.45;64;100;344;14.2;6.4;1.83;5026.92;5563.28
32.4;22.7;27.07;88.17;58;100;409;1.8;8;1.81;5563.28;5663.86
32.5;23.6;26.78;91.36;64;100;290;13.4;8;1.62;5663.86;5654.73
31.7;23.2;26.6;91.09;66;100;316;23.4;8;1.73;5654.73;4954.74
32;23.1;26.45;93.89;64;100;242;63.4;8;1.26;4954.74;4642.97
31.4;22.3;26.37;62.48;1;100;233;25.8;8;1.44;4642.97;4772.37
31;24.4;26.64;66.99;0;100;214;82;6.4;1.39;4772.37;5623.97
31.7;23.9;26.62;85.85;29;100;267;35;8;1.15;5623.97;5359.91
32.8;20.8;25.49;86.67;62;100;290;170.6;8;2.06;5359.91;4963.64
31.2;21.2;24.32;95.24;62;100;180;164.6;6.4;1.25;4963.64;4798.73
29.4;21.2;23.68;98.69;80;100;118;236;8;1.26;4798.73;4768.71
31.2;21.4;24.8;96.61;71;100;156;71.2;4.8;1.2;4768.71;5444.69
31.8;19.3;24.98;94.29;68;100;240;65.6;8;1.4;5444.69;5061.24
30.6;19.8;24.22;95.04;62;100;206;51.4;9.7;1.31;5061.24;4886.93
31.1;18.9;24.17;96.46;67;100;200;81.4;8;1.29;4886.93;4756.27
30.6;19.7;24.01;95.13;71;100;200;8.2;6.4;1.84;4756.27;5441.76
30.6;18.8;23.6;94.79;61;100;141;37.8;6.4;1.51;5441.76;4688.6
29.9;19.6;22.43;97.48;72;100;121;341.4;8;2.36;4688.6;4778.73
30.9;19.9;25.07;91.86;66;100;294;12.8;8;1.59;4778.73;4524.83
30.7;18.9;24.04;92.11;63;100;263;7;9.7;1.58;4524.83;5938.61
30.9;19.8;25.08;93.38;70;100;259;4;9.7;1.61;5938.61;5774.77
30.5;18.8;24.7;93.19;71;100;243;11.8;6.4;1.46;5774.77;5168.21
30.2;20.2;24.02;97.14;75;100;185;146.4;6.4;1.49;5168.21;5051.57
32.1;20.7;25.11;96.22;74;100;207;133.6;6.4;1.44;5051.57;4401.2
30.3;20.8;23.63;98.4;78;100;109;205.61;6.4;1.38;4401.2;4056.02
31.4;20.6;24.57;94.33;71;100;247;7;8;1.69;4056.02;3896.74
32.1;19.9;25.23;94.08;60;100;262;62.4;8;1.68;3896.74;4369.48
31.8;20.8;25.7;93.52;67;100;306;72.2;8;1.6;4369.48;5409.72
31.8;20.6;25.52;92.13;60;100;208;17.4;8;1.67;5409.72;5699.19
31.2;20.7;25.37;93.31;69;100;282;16.4;9.7;1.86;5699.19;5386.28
31.1;21.5;25.37;93.98;70;100;282;49.6;8;1.6;5386.28;5705.18
32.6;21;26.74;93.29;68;100;354;8.6;8;1.75;5705.18;5315.55
33.4;22.9;27.12;93.9;72;100;309;47.6;6.4;1.55;5315.55;5767.32
33.8;21.3;25.81;93.02;62;100;344;44.8;8;1.7;5767.32;5286.15
31.6;21.9;25.17;95.76;67;100;200;199.4;6.4;1.37;5286.15;4929.54
32.7;22.6;26.82;93.66;67;100;289;25.8;6.4;1.36;4929.54;5220.56
31.9;22.5;26.25;95.25;76;100;258;195.6;6.4;1.27;5220.56;5749.56
33;21.9;27.16;87.78;64;100;326;12.8;6.4;1.66;5749.56;5797.14
32.2;21.8;25.56;92.64;40;100;279;107.4;6.4;1.32;5797.14;5448.13
31.6;21.4;25.12;94.1;40;100;211;77.2;9.7;1.49;5448.13;5684.72
32.8;20.8;26.66;90.38;66;100;308;12.2;6.4;1.59;5684.72;4935.21
33.3;21.3;26.42;86.21;58;99;268;6.8;8;1.52;4935.21;5471.04
32.3;22.1;26.1;89.46;65;100;254;62;8;1.46;5471.04;5038.3
31.7;21.8;24.98;94.74;71;100;159;43;4.8;1.01;5038.3;5286.74
32.9;21.8;26.78;88.28;58;100;327;0;8;1.85;5286.74;5084
32.3;21.7;26.02;91.38;65;100;247;7.4;6.4;1.35;5084;5041.29
33;21.6;25.97;92.72;63;100;222;54;6.4;1.28;5041.29;5188.1
31.9;22.5;26.17;92.89;72;100;236;24;8;1.27;5188.1;5174.39
32.8;21.3;25.6;91.57;65;100;286;65;8;1.64;5174.39;5156.36
32.4;22.2;25.85;92.32;66;100;280;42.2;6.4;1.55;5156.36;5162.36
33.3;21.8;25.97;91.76;61;100;280;50;8;1.48;5162.36;5142.95
32.7;21.9;25.98;91.54;62;100;275;5.6;4.8;1.31;5142.95;5269.87
32.4;21.6;26.13;90.49;65;100;251;29.4;6.4;1.42;5269.87;4865.53
32.4;21.3;25.21;93.02;61;100;240;143.2;9.7;1.27;4865.53;5393.12
32.6;21.1;25.74;92;63;100;249;17.2;8;1.72;5393.12;5649.26
30.7;21.3;24.95;91.46;57;100;172;10;4.8;1.57;5649.26;5198.3
33;21.6;25.47;91.44;56;100;228;66.6;6.4;1.65;5198.3;5281.66
32.2;20.1;25.18;91.88;61;100;213;46.8;6.4;1.45;5281.66;5940.93
32.8;21.4;25.78;91.85;58;100;211;21.85;6.4;0.59;5940.93;5253.16
32.2;20.7;24.77;94.67;67;100;163;97.25;6.4;1.3;5253.16;5126.36
29.4;18.7;23.51;93.22;64;100;169;44;4.8;1.65;5126.36;6138.08
31.5;19;24.59;90.05;55;100;254;50.8;8;1.4;6138.08;5942.5
30.7;20.4;23.8;96.45;69;100;160;117.8;4.8;1.11;5942.5;4885.34
30.4;19.5;23.47;95.93;63;100;159;376.4;6.4;1.32;4885.34;4688.45
29.7;17.8;22.37;95.2;61;100;160;97.6;6.4;2.02;4688.45;4046.76
29.2;19.3;22.33;94.95;67;100;155;77.4;6.4;1.78;4046.76;5485.19
29.4;19.3;22.4;95.46;54;100;151;178.6;6.4;1.96;5485.19;5485.19
29.2;19.3;22.36;97.74;73;100;87;210.2;11.3;1.78;5485.19;4651.2
28.8;18.8;23.17;95.06;65;100;165;82;8;1.54;4651.2;4491.57
29.3;20.2;23.38;97.78;63;100;135;382.8;9.7;1.57;4491.57;4534.74
30.8;19.1;24.35;91.32;57;100;220;1;9.7;1.76;4534.74;4281.99
31.3;17.9;23.79;88.72;52;100;286;12.6;11.3;1.34;4281.99;4476.2
30.1;16.6;23.5;91.46;59;100;199;24.6;9.7;1.42;4476.2;5077.89
30.7;19.1;24.31;88.35;62;100;284;31.4;11.3;2.14;5077.89;4511.28
30.3;20.2;24.19;92.76;63;100;259;93.6;12.9;1.92;4511.28;4322.91
31.1;19.4;24.4;88.39;49;100;297;6.4;12.9;2.3;4322.91;3920.14
29.2;19.1;23.84;92.22;59;100;244;223.4;9.7;1.99;3920.14;3948.53
29.9;17.7;23.93;88.28;56;100;317;3.8;9.7;2.4;3948.53;4399.5
29.7;18.5;23.66;88.99;58;100;276;14;11.3;2.38;4399.5;4460.16
31.2;19.8;24.34;88.65;58;100;278;10.8;9.7;2.06;4460.16;5070.15
31.4;19.3;25.75;89.3;59;100;278;0.4;9.7;2.31;5070.15;4904.4
31;20.5;24.55;93.05;64;100;207;39.8;14.5;1.98;4904.4;4929.35
30.2;19.4;24.81;87.07;50;100;313;19.2;9.7;2.42;4929.35;5598.98
30.3;19.8;25.04;86.57;56;100;201;0.6;12.9;2.93;5598.98;5192.36
32.1;20.4;25.94;88.41;56;100;311;20.4;11.3;2.6;5192.36;5048.57
31.2;19.9;25.01;93.47;63;100;230;115.2;9.7;1.75;5048.57;5051.06
31.4;22.1;25.57;94.93;68;100;181;138.6;8;1.47;5051.06;5404.03
31.9;20.4;26.15;87.96;58;100;337;0;9.7;2.38;5404.03;5298.1
32.9;21.6;26.35;89.24;47;100;304;10;8;1.51;5298.1;5568.66
32.1;21.8;25.97;92.76;62;100;266;54.6;8;1.62;5568.66;5853.06
33.1;21.8;27.1;87.97;62;100;337;2.6;9.7;2.35;5853.06;5849
32.3;22.2;26.11;92.28;65;100;270;11.2;9.7;1.67;5849;5605.54
33.1;21.8;26.23;90.59;63;100;306;75.6;9.7;1.62;5605.54;5673.44
32.1;21.9;25.8;92.76;70;100;246;28.4;9.7;1.62;5673.44;5695.34
32.2;21.9;26.47;89.35;62;100;307;1.2;6.4;1.5;5695.34;5727.37
29.5;21.8;24.91;95.53;72;100;210;78.2;6.4;1.18;5727.37;5871.44
31.6;21;25.46;84.7;54;100;251;36.4;11.3;1.54;5871.44;5953.47
37.9;21.3;25.39;89.08;47;100;227;49.8;8;1.03;5953.47;5841.07
32.5;22.2;26.08;90.93;58;100;337;3.6;9.7;1.96;5841.07;6261.79
32.1;21.8;26.05;93.16;67;100;253;9.8;8;1.31;6261.79;5749.62
32.3;21.6;25.72;90.62;58;100;348;13.8;8;1.54;5749.62;6126.76
33.2;21.3;26.31;88.47;56;100;309;7.4;11.3;1.7;6126.76;5760.73
32.8;21.1;25.89;90.43;58;100;254;15.4;11.3;1.7;5760.73;5254.62
32.9;21.6;26.12;89.93;59;100;239;20.8;9.7;1.77;5254.62;5222.4
31.9;21.4;25.74;92.26;61;100;197;3.4;9.7;1.57;5222.4;5365.59
33.3;20.8;26.08;88.69;56;100;277;1;9.7;2;5365.59;5176.78
32.6;21.8;26.41;90.1;60;100;281;15.6;9.7;1.77;5176.78;5056.15
32.2;21.5;25.62;92.56;64;100;245;7.8;8;1.27;5056.15;5624.08
36.9;21.8;25.2;92.4;54;100;292;149.6;8;1.74;5624.08;5885.42
29.9;20.8;24.01;95.09;65;100;199;84;6.4;1.26;5885.42;5404.43
31.1;21.1;24.94;92.4;61;100;213;101.4;6.4;1.34;5404.43;5462.43
31;20.5;24.82;94.23;65;100;244;71;4.8;1.3;5462.43;5840.96
30.8;21;24.61;92.14;59;100;221;133.4;6.4;1.53;5840.96;5436.29
30.3;20.4;24.33;95.01;72;100;236;51.4;6.4;1.2;5436.29;5091.99
29.1;20.9;23.74;98.18;76;100;147;198.6;6.4;1.36;5091.99;5193.62
29.2;20;23.05;96.25;75;100;149;89.6;6.4;2.08;5193.62;4520.07
30;19.6;23.78;93.64;68;100;247;12;8;1.59;4520.07;4768.78
27.2;20.9;22.98;99.76;92;100;107;309.4;6.4;1.07;4768.78;5492.13
30.5;18.7;23.69;95.43;64;100;211;114;9.7;1.33;5492.13;5997.44
29.8;19.8;24.12;92.64;63;100;269;43.4;9.7;1.42;5997.44;6106.91
30.1;19.5;22.8;95.64;63;100;208;178;9.7;2;6106.91;5820.53
30.2;17.8;23.7;89.07;60;100;341;1.6;11.3;2.16;5820.53;5163.05
33.3;17.5;23.41;90.88;54;100;306;22.8;11.3;2.17;5163.05;4834.89
30.1;17.4;23.57;89.62;59;100;321;15.4;9.7;1.74;4834.89;4993.49
29.7;18.6;23.01;92.57;60;100;231;7.8;11.3;1.5;4993.49;4769.1
30.6;19.1;24.51;90.69;63;100;297;24.8;11.3;1.81;4769.1;5041.64
30.4;17.7;24.11;87.32;56;100;409;4;11.3;2.91;5041.64;4668.27
30.4;17.8;23.96;89.06;52;100;332;44;12.9;2.25;4668.27;5400.94
30.8;18.1;23.71;89.96;60;100;332;26.4;12.9;2.34;5400.94;4682.18
30.8;19.4;24.09;92.65;66;100;268;144.2;12.9;2.1;4682.18;4940.73
30.1;21.1;23.95;94.52;66;100;246;46;11.3;1.82;4940.73;4960.09
29.6;18.5;23.89;92.76;61;100;268;29.2;11.3;1.85;4960.09;5671.02
30.1;18.9;24.3;91.26;59;100;328;51;9.7;1.91;5671.02;5705.02
31;21.1;25.72;93.62;70;100;166;13.8;6.4;1.19;5705.02;5913.77
30.4;18.9;24.9;88.26;57;100;290;3;9.7;2.12;5913.77;5688.01
33.8;20.3;25.27;92.91;61;100;312;28.8;9.7;1.69;5688.01;5905.11
32.3;20.7;24.54;92.97;63;100;235;56;8;1.7;5905.11;5699.27
31.5;21.2;25.79;91.66;64;100;334;5;8;1.58;5699.27;5661.89
32.1;21.1;26.18;89.35;61;100;355;12.8;11.3;2.21;5661.89;5345.2
31.7;21.9;26.34;91.03;64;100;312;14;8;1.51;5345.2;5632.94
31.8;22.1;26.02;92.68;66;100;254;85;8;1.5;5632.94;6334.62
32.3;20.8;26.46;92.22;67;100;294;8.2;8;1.6;6334.62;6220.62
32.9;22.4;26.31;93.12;66;100;252;22.4;6.4;1.25;6220.62;6687.98
31.3;20.9;24.78;95.22;69;100;223;152.4;8;1.26;6687.98;5878.95
32.1;21.2;26.5;89.89;61;100;364;9.2;9.7;1.84;5878.95;6441.38
32.8;21.6;26.19;89.36;58;100;356;10.6;8;1.73;6441.38;5786.64
30;20.8;24.64;95.77;72;100;201;74.2;6.4;1.17;5786.64;6160.1
31.3;20.8;25.19;94.99;67;100;228;72.6;8;1.17;6160.1;6033.15
31.8;22.2;25.19;95.9;64;100;218;89.6;8;1.03;6033.15;5674.68
30.6;22.4;25.07;97.22;77;100;172;189.2;9.7;1.01;5674.68;5633.6
31.5;20.4;24.86;94.63;67;100;256;94;9.7;1.41;5633.6;6274.11
32.3;21.2;25.98;90.72;61;100;354;12.6;8;1.48;6274.11;6156.71
31.2;21.7;25.77;92.16;64;100;299;7;11.3;1.62;6156.71;6096.78
32.3;21.3;25.98;90.35;60;100;348;13.2;8;1.41;6096.78;6202.81
33;21.9;25.98;92.07;58;100;274;33.4;9.7;1.31;6202.81;5453.53
31.2;21.5;25.79;92.41;69;100;311;56.2;8;1.42;5453.53;6144.97
31.7;21.2;25.29;93.74;65;100;274;47;8;1.22;6144.97;5392.1
32.4;21;25.82;91.24;62;100;351;6;8;1.52;5392.1;5288.67
31.7;21.1;25.39;92.96;66;100;291;48;6.4;1.24;5288.67;5702.69
31.3;19.5;25.08;92.99;65;100;280;44;9.7;1.39;5702.69;5479.04
31.8;20.6;25.13;93.69;66;100;290;11.8;11.3;1.16;5479.04;5644.91
32;20.7;25.17;93;62;100;281;44;8;1.33;5644.91;6399.82
33.6;20.7;25.72;92.48;61;100;284;49.6;6.4;1.22;6399.82;5711.4
31.9;20.3;24.24;95.08;55;100;186;34.2;6.4;1.34;5711.4;5648
31.3;20.6;24.68;94.19;67;100;213;148.4;8;1.3;5648;5521.46
29.8;20.1;24.1;96.25;73;100;180;161.4;6.4;1.23;5521.46;5400.21
26.1;20.6;22.38;97.5;72;100;92;223.2;4.8;0.64;5400.21;5422.17
30.56;20.3;24.47;93.22;63.48;100;58;93.9;5.45;0.43;5422.17;5970.76
31.5;20.06;24.81;89.58;54.02;100;2;44.6;5.45;1.06;5970.76;5723.1
32.64;19.58;25.1;90.54;55.66;100;1;32.2;6.95;0.95;5723.1;5652.02
31.22;19.62;24.49;88.96;53.56;100;103;15.3;6.7;0.93;5652.02;5203.314543
31.1;20.64;24.38;95.65;64.75;100;219;138.3;6.2;0.86;5203.314543;4754.58
30.89;19.38;24.32;91.01;54.26;100;286;75.8;8.45;1.11;4754.58;5017.93
31.5;19.8;25.02;88.23;56.25;100;361;10.5;7.45;1.23;5017.93;5108.49
31.69;18.75;24.05;88.42;53;100;319;4.1;9.45;1.12;5108.49;5251.11
31.58;19.04;24.72;86.95;49.39;100;371;20.3;6.45;1.29;5251.11;5117.02
30.97;17.38;24.02;90.17;52.46;100;297;18.4;7.45;1.05;5117.02;4878.08
31.77;18.39;24.15;86.32;50.11;100;407;2;6.95;1.22;4878.08;5221.17
32.13;17.51;24.42;87.19;49.74;100;373;26.7;6.7;1.2;5221.17;4783.51
31.95;19.1;24.69;87.27;46.25;100;329;22.8;6.2;1.28;4783.51;4664.65
31.86;20.12;24.57;93.46;58.12;100;220;92.5;4.95;0.82;4664.65;5071.86
29.82;18.49;23.41;95.53;69.05;100;212;160.7;8.45;1.12;5071.86;4949.17
31.38;17.49;24.28;91.71;59.57;100;287;41.2;6.7;1.18;4949.17;5826.58
31.41;20.34;25.61;88.38;59.35;100;377;0;7.45;1.4;5826.58;5828.339598
32.53;18.61;25.17;88.91;52.36;100;374;63.1;6.2;1.15;5828.339598;5830.36
32.23;20.76;25.63;91.71;55.71;100;302;43.7;6.2;1.02;5830.36;5275.69
32.19;20.5;26.04;88.49;53.98;100;381;29.7;7.45;1.42;5275.69;5257.47
32.73;21.44;26.07;91.05;62.32;100;303;87.2;7.2;1.22;5257.47;5210.08
32.24;19.55;25.07;89.66;55.61;100;369;32.9;6.7;1.01;5210.08;5592.46
33.93;20;26.1;86.91;51.98;100;372;7.4;6.7;1.21;5592.46;5490.3
33.18;18.9;25.64;86.69;47.95;100;417;11.9;5.95;1.07;5490.3;5532.88
31.84;19.98;24.66;94.66;58.42;100;234;153.4;7.7;0.73;5532.88;5358.04
32.5;22.2;26.04;92.32;60.81;100;303;5;6.2;0.88;5358.04;5187.36
32.8;22.19;26.05;91.08;58.37;100;331;32.1;5.2;0.99;5187.36;4618.93
33.5;21.81;26.61;89.05;57.16;100;369;6.4;6.45;1.13;4618.93;5510.28
32.82;20.78;26.04;91.36;57.19;100;318;25.6;7.2;0.99;5510.28;5682.15
33.71;21.56;26.57;91.37;55.63;100;329;27.2;12.2;0.98;5682.15;5731.43
31.48;21;25.24;93.6;64.7;100;236;78.3;5.45;0.84;5731.43;5375.17
33.05;21.69;26.23;89.27;58.62;100;388;28.3;7.7;1.24;5375.17;5898.96
32.93;22.14;25.75;92.37;58.89;100;304;15.7;5.95;1;5898.96;5406.55
32.31;21.23;25.82;92.68;64.94;100;277;26.6;6.2;0.95;5406.55;5688.26
31.93;22.35;25.07;96.3;69.39;100;196;154.4;7.45;0.76;5688.26;5640.88
31.96;21.56;25.02;94.77;67.72;100;247;63.8;7.2;0.91;5640.88;5763.18
32.39;21.71;25.85;90.99;62.06;100;344;13.2;6.95;0.97;5763.18;6258.76
32.77;21.36;26.24;90.9;58.76;100;342;49.7;5.45;1.07;6258.76;6808.9
33.01;21.51;26.11;90.6;56.97;100;364;113.1;7.7;0.89;6808.9;5932.83
33.26;21.04;25.29;92.64;57.18;100;291;51.7;6.95;0.83;5932.83;5610.78
32.92;21.33;26.04;89.25;58.47;100;393;3.2;6.45;1.03;5610.78;5434.71
33.26;21.14;26.42;88.46;59.3;100;398;28.1;5.95;1.08;5434.71;5373.44
33.32;22;26.85;89.95;58.84;100;372;4.8;5.7;1.05;5373.44;5735.3
33.48;20.64;26.21;91.02;55.62;100;338;34.8;10.95;1.07;5735.3;5132.75
33.47;21.41;25.92;91.48;57.19;100;332;68.2;6.45;0.97;5132.75;6264.35
33.16;20.92;26.43;90.16;58.5;100;357;9;6.2;0.95;6264.35;6218.9
32.97;20.06;25.51;91.44;55.28;100;349;22.9;5.7;0.98;6218.9;5513.76
32.8;21.21;25.6;93.02;61.58;100;273;5.1;5.2;0.73;5513.76;5186.78
32.86;21.04;26.51;89.09;56.16;100;345;18.6;5.95;1;5186.78;6125.64
33.36;20.41;26.15;88.81;53.53;100;353;3.1;5.45;0.93;6125.64;5364.96
32.06;21.76;25.07;95.29;62.97;100;222;42.8;6.95;0.69;5364.96;5102.61
32.66;20.28;25.78;90.31;52.97;100;355;4.7;5.7;0.87;5102.61;5267.54
32.08;20.92;24.78;92.99;61.41;100;284;177.6;6.95;0.86;5267.54;5069
31.99;19.07;25.21;89.09;58.47;100;367;5;5.95;1.03;5069;5197.84
32.68;19.33;24.91;91.49;54.36;100;309;17.3;6.7;0.81;5197.84;5078.68
31.57;20.19;24;94.62;58.13;100;231;79.1;6.7;0.98;5078.68;4961.371432
31.65;18.39;24.45;87.39;48.26;100;381;2;6.2;1.08;4961.371432;4843.415672
31.73;19.46;24.57;92.89;54.94;100;281;33.5;5.7;0.95;4843.415672;4725.45
31.35;19.09;24.52;92.19;58.33;100;279;21.1;5.7;0.89;4725.45;5331.29
31.31;18.56;23.85;92.64;57.37;100;295;80.4;5.95;1.17;5331.29;4949.17
30.68;18.42;23.77;92.8;54.99;100;272;38.2;4.95;0.99;4949.17;5093.21
31.32;17.22;23.76;88.43;50.34;100;337;3.7;6.2;1.09;5093.21;4963.32
31.35;18.09;23.94;89.24;46.3;100;330;5.7;6.2;1.1;4963.32;5021.4
31.76;20.71;25.1;89.75;57.86;100;343;21;7.2;1.23;5021.4;5248.58
31.14;17.69;24.13;87.26;52.27;100;396;5.6;7.2;1.46;5248.58;5403.09
30.66;19.11;24.81;88.84;55.99;100;336;9;5.95;1.23;5403.09;4830.73
32.05;19.05;24.94;87.27;51.53;100;395;10.7;7.2;1.21;4830.73;4766.061677
31.72;19.45;25.15;85.33;51.55;100;428;0.3;6.95;1.41;4766.061677;4701.42
31.83;18.13;24.77;88.32;54.99;100;354;9.6;7.7;1.14;4701.42;4113.93
31.58;19.61;25.09;88.63;53.82;100;351;14.2;6.7;1.17;4113.93;4541.86
32.07;19.48;25.5;86.99;52.99;100;417;20.2;6.45;1.58;4541.86;4324.61
32.81;20.85;25.8;90.87;56.11;100;310;95.6;7.7;1.39;4324.61;4433.102849
32.02;20.85;25.46;90.96;52;100;304;16.9;6.2;1.21;4433.102849;4541.51
32.21;21.38;25.82;91.76;59.18;100;321;63.4;7.7;1.12;4541.51;4890.52
32.74;21.48;25.95;94.02;59.74;100;298;69.6;6.95;1.01;4890.52;5475.22
33.47;20.65;26.38;90.23;54.21;100;361;65.3;6.95;1.44;5475.22;5801.04
32.83;22.17;26.18;90.34;60.89;100;356;34.2;6.95;1.21;5801.04;5659.28
33.26;21.66;26.48;89.44;56.31;100;385;26.9;6.95;1.14;5659.28;5811.07
33.05;22.66;26.61;91.04;60.61;100;342;45;6.2;1.09;5811.07;5501.03
32.75;23.09;26.43;93.23;68.48;100;272;52.6;6.2;1.09;5501.03;5413.32
32.94;22.68;26.13;94.37;65.3;100;241;39;6.2;1.01;5413.32;5328.65
33.37;22.11;26.67;91.35;61.76;100;395;141.6;6.95;1.41;5328.65;5969.69
32.29;22.51;25.76;94.55;67.83;100;254;94.2;6.2;0.98;5969.69;5979.5
32.93;21.73;26.11;92.21;53.03;100;300;80.7;6.95;1;5979.5;6141.6
32.57;22.73;25.1;97.09;67.92;100;170;245.7;7.7;1.04;6141.6;5518.31
31.55;22.43;25.75;96.15;69.67;100;206;57.1;7.7;0.77;5518.31;5339.59
32.66;23.08;25.79;96.08;65.68;100;227;101.2;6.2;0.97;5339.59;5284.512273
31.83;22.47;25.75;94.84;68.36;100;253;246.1;6.2;1.04;5284.512273;5229.55
32.94;21.82;25.97;91.98;58.78;100;307;24;6.2;0.95;5229.55;4704.12
33.33;21.99;26.16;91.79;55.51;100;288;114.6;6.95;1.03;4704.12;4701.23
31.1;21.54;25.15;94.14;62.32;100;232;146.1;6.2;0.87;4701.23;5838.14
33.87;21.48;26.14;89.26;51.65;100;352;13.9;6.2;1.04;5838.14;5042.76
32.95;21.51;26.08;92.11;60.47;100;289;42;9.2;1.01;5042.76;4795.47
33.79;20.84;26.09;90.18;53.89;100;340;74.7;10.7;1.17;4795.47;4866.94
32.1;21.81;25.71;93;65.33;100;298;104.5;8.45;1.11;4866.94;4800.35
33.8;21.48;26.44;89.26;57.15;100;365;18.5;6.2;1.17;4800.35;5341.27
33.85;20.18;25.85;91.14;57.79;100;288;82;10.7;1.11;5341.27;5306.7
32.68;21.3;25.57;93.44;61.62;100;297;84.7;7.7;0.91;5306.7;5092.33
32.67;22.46;26.22;92.47;61.03;100;291;10;6.2;0.9;5092.33;5263.19
34.26;21.67;26.8;90.52;59.4;100;335;1.7;6.2;1.03;5263.19;5462.91
32.41;21.24;25.53;92.16;60.14;100;266;78.8;6.2;0.99;5462.91;5137.14
32.58;21.24;24.7;96.13;61.97;100;184;194.6;5.45;0.95;5137.14;5145.79
32.97;18.91;25.28;90.23;51.65;100;272;7;5.45;1.09;5145.79;5163.39
32.26;21.1;25.64;93.03;58.23;100;259;43;7.7;0.85;5163.39;5497.25
32.84;20.93;25.87;92.22;62.62;100;298;87.5;6.95;1.18;5497.25;5506.45
30.73;21.04;24.75;96.48;63.12;100;195;259.1;5.45;1.06;5506.45;4768.94
29.63;20.96;23.2;97.05;68.53;100;168;248.6;6.95;1.69;4768.94;5637.26
31.28;20.17;23.89;92.6;61.13;100;216;106.3;6.95;1.6;5637.26;5393.505705
32.07;19.7;25.07;91.1;52.91;100;272;33.2;6.95;0.99;5393.505705;5150.036666
31.08;21;24.69;93.91;65.26;100;238;174.8;7.7;1.21;5150.036666;4906.41
30.12;21.17;24.27;94.28;67.23;100;226;281.7;8.45;1.5;4906.41;5139.67
31.21;20.35;24.83;94;64.11;100;260;60.4;9.2;1.05;5139.67;4584.61
30.93;19.91;24.4;91.7;59.71;100;266;76.5;6.95;1.28;4584.61;4726.02
30.75;18.97;23.11;94.79;60.08;100;221;133.3;6.2;0.9;4726.02;4451.73
31.18;19.92;24.79;92.06;55.93;100;259;136.6;8.45;1.25;4451.73;5590.33
31.69;19.41;24.25;91.33;56.44;100;270;69;6.2;0.98;5590.33;4776.78
31.81;18.71;24.23;92.68;47.93;100;270;128.8;6.95;1.14;4776.78;4637.86
31.52;18.12;25.04;87.78;52.73;100;374;44.9;6.95;1.39;4637.86;4775.11
31.57;19.05;24.48;88.43;50.59;100;358;64.6;8.45;1.51;4775.11;4742.83
30.76;21.2;24.67;92.55;57.24;100;281;42.5;7.7;1.41;4742.83;4627.53
31.76;18.54;24.68;87.28;51.35;100;368;13.6;7.7;1.45;4627.53;5417.76
31.66;19.32;25.65;85.12;53.23;100;408;0;7.7;1.7;5417.76;5477.1
32.19;19.53;25.29;86.57;51.16;100;377;21.1;8.45;1.59;5477.1;5542.2
31.84;19.77;25.18;90.62;58.25;100;335;44.7;7.7;1.47;5542.2;4975.91
32.52;22.25;25.61;93.38;60.22;100;266;117.3;6.2;0.86;4975.91;4203.81
32.84;21.58;26.28;90.37;60.54;100;364;40.8;6.95;1.25;4203.81;4541.44
33.48;21.76;26.92;90.61;56.18;100;318;10.4;6.2;1.17;4541.44;5707.74
33.1;22.25;26.31;91.31;58.96;100;292;53.7;6.2;0.97;5707.74;5834.87
31.42;21.7;25.4;97.25;68.95;100;168;396.4;6.95;0.75;5834.87;5619.16
32.11;20.57;25.65;94.18;57.17;100;254;101.5;8.45;0.91;5619.16;5233
32.3;19.67;25.28;93.23;55.96;100;284;258.6;6.2;0.93;5233;5631.51
33.2;23.01;27.1;90.22;59.77;100;339;52.9;7.7;1.11;5631.51;6312.14
32.96;21.57;26.31;91.65;63.97;100;306;61;6.95;0.7;6312.14;5946.54
33;23.54;26.5;95.3;63.59;100;223;179.5;6.95;0.7;5946.54;5354.35
32.49;22.72;25.74;97.22;68.35;100;159;409;8.45;0.63;5354.35;5250.23
31.93;23.06;26.31;94.03;66.83;100;277;159.2;8.45;1.19;5250.23;5552.97
32.24;22.32;25.53;95.6;65.61;100;223;317.4;6.2;0.93;5552.97;5228.7
32.47;22.21;25.95;92.76;64.84;100;298;114.2;6.2;0.85;5228.7;5576.7
32.28;19.97;25.7;92.58;54.94;100;285;92.1;6.2;0.75;5576.7;5596.83
32.92;21.25;25.66;94.1;53.5;100;263;115.3;6.95;0.68;5596.83;5741.07
32.5;23.26;26.17;95.87;68.17;100;237;168.2;6.2;0.82;5741.07;5196.86
33.38;22.28;26.19;92.84;53.76;100;307;63.8;6.2;0.93;5196.86;4795.07
32.22;21.75;25.74;95.59;67.91;100;212;88.6;6.95;0.72;4795.07;5251.24
33.65;21.59;26.5;90.23;53.13;100;351;26.2;6.95;1.09;5251.24;5176.94
34.44;21.51;26.07;92.63;59.66;100;277;21.7;12.95;0.94;5176.94;5028.46
32.69;20.99;25.38;94.5;61.1;100;229;94.6;6.95;0.7;5028.46;4931.18
34.19;21.41;26.75;91.33;57.97;100;312;24.8;9.95;0.93;4931.18;5229.53
34.96;22.48;26.73;90.92;58.13;100;339;47.2;6.95;0.96;5229.53;5122.4
34.24;21.26;27.15;89.25;53.23;100;416;22.7;8.45;1.05;5122.4;5278.91
34.19;21.47;26.62;92.04;51.18;100;320;54;5.45;0.85;5278.91;5044.66
33.14;22.38;26.61;91.46;63.42;100;338;7.8;6.2;0.9;5044.66;5238.18
33.48;22.98;27.41;89.64;60.91;100;392;17;6.2;1.16;5238.18;5512.59
33.58;22.05;26.54;90.93;59.38;100;339;2.7;7.7;0.95;5512.59;5534.8
33.88;21.35;26.85;88.33;55.63;100;403;2.3;6.95;1.02;5534.8;5451.83
